{"cameraMode":{"drawMode":0,"name":"Shaded","section":"Shading Mode"},"sceneLighting":true,"audioPlay":false,"sceneViewState":{"m_AlwaysRefresh":false,"showFog":true,"showSkybox":true,"showFlares":true,"showImageEffects":true,"showParticleSystems":true,"showVisualEffectGraphs":true,"m_FxEnabled":true},"in2DMode":false,"pivot":{"x":0.9358748197555542,"y":-0.9828729629516602,"z":-10.282069206237793},"rotation":{"x":-0.4731191098690033,"y":0.05360633134841919,"z":-0.028850726783275605,"w":-0.8789270520210266},"size":30.368112564086915,"orthographic":false}